{"cameraMode":{"drawMode":0,"name":"Shaded","section":"Shading Mode"},"sceneLighting":true,"audioPlay":false,"sceneViewState":{"showFog":true,"showMaterialUpdate":false,"showSkybox":true,"showFlares":true,"showImageEffects":true,"showParticleSystems":true},"in2DMode":false,"pivot":{"x":0.38999998569488528,"y":4.769999980926514,"z":-14.15999984741211},"rotation":{"x":-0.1732712686061859,"y":0.5370194911956787,"z":-0.11379323899745941,"w":-0.8177080750465393},"size":22.0,"orthographic":false}