{"cameraMode":{"drawMode":0,"name":"Shaded","section":"Shading Mode"},"sceneLighting":true,"audioPlay":false,"sceneViewState":{"showFog":true,"showMaterialUpdate":false,"showSkybox":true,"showFlares":true,"showImageEffects":true,"showParticleSystems":true},"in2DMode":false,"pivot":{"x":3.930880069732666,"y":-7.065035343170166,"z":31.029603958129884},"rotation":{"x":0.11837636679410935,"y":0.05093011260032654,"z":-0.0060708774253726009,"w":0.9916645884513855},"size":51.63912582397461,"orthographic":false}