{"cameraMode":{"drawMode":0,"name":"Shaded","section":"Shading Mode"},"sceneLighting":true,"audioPlay":false,"sceneViewState":{"showFog":true,"showMaterialUpdate":false,"showSkybox":true,"showFlares":true,"showImageEffects":true,"showParticleSystems":true},"in2DMode":false,"pivot":{"x":33.45899200439453,"y":-3.769467353820801,"z":44.329010009765628},"rotation":{"x":0.03190718591213226,"y":-0.6787979006767273,"z":0.029546385630965234,"w":0.7330363392829895},"size":69.14653015136719,"orthographic":false}